timestamp,curIn,curOut,amount,txid
1511907392.96,LTC,BCH,2,485972
1511934995.39,ETH,BTC,0.21350185,465262
1512007040.86,ETH,GNO,0.02356009,432760
1510503485.22,BLK,CLAM,250,
1509177397.31,LTC,VTC,1.80652,
1509619659.04,ETH,BCH,3.19387122,
1509909752.15,DNT,BTC,1019.578096,
1512225231.5,ETH,BTC,10.35250272,721196
1512053664.87,ETH,DASH,2.80459,397255
1511936720.72,LTC,BCH,0.20746888,984031
1510766396.63,BTC,ETH,0.32,
1512068599.31,LTC,DASH,0.4319921,846456
1512246001.12,LTC,DASH,7.83997809,152245
1512161236.81,GNT,EOS,395.40816327,94026
1512041432.97,OMG,BCH,2.36993857,136593
1510147171.48,ETH,DASH,1.19405873,
1511191463.21,LTC,CVC,26.98768173,
1512017958.56,ETH,OMG,1.93744247,478425
1512181348.6,RDD,LTC,110262.395747,181323
1508443000.77,BTC,OMG,0.01,
1511978818.34,LTC,DCR,5.91629449,992647
1512162177.85,LTC,CVC,0.10198878,12698
1512102948.71,ETH,DNT,0.02242681,272618
1512019781.89,MONA,DASH,93,216953
1511649127.55,GAME,DOGE,35,3996
1512182732.98,ETH,EOS,0.02,415640
1511578105.73,LTC,ETH,0.49544921,977314
1512045038.19,LTC,BCH,21,945008
1511768119.94,ETH,BTC,1.24831477,348333
1511565914.79,ETH,ETC,0.21250807,794468
1511511099.62,ETH,BTC,0.81047273,
1511973239.55,LTC,OMG,50,747819,
1512055337.35,BAT,FUN,124.96806403,226582
1511815962.92,REP,ETH,2.16166465,739938
1510233975.68,ETH,GNT,0.03398287,
1511893259.81,EOS,BCH,26.22038673,331694
1512252121.33,ETH,OMG,0.49896101,771557
1509894999.08,BTC,ETH,0.03940995,
1512213218.64,ETH,BTC,0.42,939216
1511756023.76,ETH,BTC,0.15354224,814614
1512081022.37,DGB,BCH,5612.08521769,719383
1512001517.07,ETH,BTC,10.86584622,686352
1508613460.37,LTC,OMG,0.74286542,
1507595714.38,LTC,VTC,5,
1508745106.7,BTC,ETH,0.8,
1510670989.27,ETH,LTC,7.22999035,
1511745637.12,ETH,DCR,0.999774268,73948
1512160966.73,ETH,ETC,0.13116704,224976
1511875882.01,ETH,BTC,1.27991808,629651
1511961283.72,BTC,DASH,0.00121816,368243
1511177452.25,LTC,XRP,6.98094841,
1511899583.31,DASH,BTC,1.80225449,376823
1512027900.36,FUN,DASH,2029.37187622,546437
1510319469.82,ETH,BCH,1,
1509230437.71,VTC,LTC,550,
1511954715.63,BTC,GNT,0.0030629,90486
1512067293.99,LTC,ETH,1,852088
1512213342.27,ZEC,ETH,0.0251,843964
1509676245.96,ETH,OMG,2.5,
1512083027.0,ETH,GNT,0.00764666299627,298144
1512119538.49,GNT,ETH,49.82897648,536319
1512242256.03,ETH,ETC,0.00335318,322261
1511110707.28,BTC,XMR,0.6,
1511707658.13,ETH,BTC,10,805777
1508262746.85,ETH,BTC,0.0934,
1509327435.7,ETH,BTC,0.07664637,
1510834080.31,VTC,LTC,44.67274867,
1512077265.68,BTC,BCH,0.522,144869
1508066619.32,MONA,BTC,50,
1511778043.23,EOS,LTC,26.88782677,73699
1507854348.92,BAT,LTC,80.10066337,
1512215201.24,GNT,EOS,92.79326148,506096
1510980068.54,DASH,BTC,0.09105508,
1512168040.15,LTC,GNT,0.09978769,974930
1508108303.13,LTC,ETH,0.99954634,
1511974760.34,ETH,BCH,0.175,977712
1512036351.22,ETH,DASH,4.71903576,930186
1510293601.82,ETH,GNT,0.00721232,
1512116531.84,LTC,XRP,0.2643397,53429
1507324149.61,BTC,ETH,0.075,
1512158144.41,LTC,DASH,0.16124,230981
1511898522.36,ETH,DCR,0.17202427,536592
1511737153.37,ETH,BTC,0.21263517,805230
1509598051.91,EOS,DCR,60.6847251,
1508245596.94,ETH,XRP,3.495,
1509799531.88,BTC,XMR,0.685,
1511784569.9,DOGE,EOS,1000,449359
1512054961.21,SNT,LTC,4324.60570185,66934
1511712074.18,ETH,BTC,1,27933
1507687540.59,BTC,GNT,0.01049981,
1509370382.45,MONA,BTC,225,
1511850259.21,OMG,DNT,8.19672131,225499
1510581503.02,ETH,BCH,0.03406365,
1511778743.65,ETH,CLAM,0.019958,630869
1511770641.54,GNT,SALT,230,672931
1509894602.03,BTC,EOS,0.00449828,
1508334972.04,BAT,EOS,151.40405377,
1511833440.77,ETH,LTC,0.611497457,590934
1507939209.47,BTC,LTC,0.013,
1511872227.5,DASH,ETH,0.35,67825,
1507623926.74,BTC,ETH,0.07226,
1512034332.74,BTC,EOS,0.00227291,378760
1511005727.75,EOS,CVC,830,
1509921642.41,LTC,EOS,0.18268177,
1508717996.06,DNT,BTC,70000
1512197436.4,ETH,BTC,0.34713,324503
1512215861.2,DOGE,LTC,153,746134
1511946657.84,LTC,BTC,0.99877242,632240
1511701916.0,ETH,GUP,0.02422725,991049
1511908480.53,BTC,LTC,0.23996448,932809
1512088938.45,ETH,LTC,0.63776221,398344
1509988259.9,EOS,BTC,394.45659195,
1511969435.86,BTC,XMR,0.09046611,369206
1511857821.83,BTC,ETH,0.05038322,634319
1510142481.45,ETH,LTC,0.75,
1512009038.17,ETH,DASH,0.02145759,677478
1512202714.43,LTC,DASH,1.79470479,960282
1511958813.06,LTC,ETH,0.09844724,849834
1512117571.85,LTC,BTC,9.11956095,162905
1511146250.47,ETH,BLK,0.011645022112,
1508407650.99,BTC,REP,0.005,
1512239506.15,XMR,BTC,2.39,320619
1512200796.67,ETH,BTC,0.61092325,867572
1511954474.28,ETH,BTC,5,488825,
1511485789.07,ETH,BCH,1.7,
1511929574.54,ETH,GNT,0.08,923670
1512024765.47,DASH,OMG,1.37095226,615925
1512205169.06,REP,BCH,15.29832166,640449
1511824693.06,ETH,GNT,2.5,245593,
1512156288.27,ETH,BTC,0.2538612,41724
1508944913.61,GNT,BTC,202.83165525,
1511844555.63,BAT,MTL,1346.61922509,201253
1511965541.45,ETH,BTC,1.05802689,195429
1512009347.43,ETH,BTC,0.07764833,709401
1512249710.47,DASH,GNT,0.03,172470
1512207854.22,DASH,SALT,0.2,859820
1511458209.48,REP,LTC,1.25934943,
1512025788.09,LTC,BTC,0.293,738428
1511920982.41,VTC,LTC,900,693293
1512185146.02,LTC,ETH,2.11482051,41239
1512127257.37,ETH,BTC,1.35380283,489063
1511850375.5,ETH,BTC,4.494,354864
1508918000.52,ETC,ETH,0.72995453,
1512119009.66,ETH,EOS,0.84958,638475
1512125451.07,ZEC,ETC,0.02962537,800895
1512068503.72,ETH,BCH,1,836933
1510491721.46,DOGE,DGB,13181,
1510636915.18,BTC,DASH,0.33510469,
1509603771.81,LTC,ETH,2.42391648,
1512012943.25,BTC,OMG,0.00422536,705998
1511907197.08,LTC,BTC,0.72532094,829803
1509681311.53,ETH,BTC,4,
1511734956.57,SALT,BCH,102.53323292,826592
1510329594.37,LTC,BTC,77.95093835,
1511779603.65,BTC,BCH,0.00345331,208548
1512143355.69,ETH,DNT,0.02119685,840868
1511701243.9,ETH,BTC,10,27024
1512235040.26,LTC,XRP,0.00247398,583758
1512235245.41,ETH,GNT,0.09608711,870164
1511738033.44,CVC,BCH,101.31544994,359113
1512154572.48,ETH,BTC,0.24515,902363
1512137335.11,ETH,ETC,0.25896002,16419
1512223401.88,ETH,EOS,1.64490909,744415
1507893729.94,BCH,BTC,0.71914189,
1511800353.91,LTC,SALT,0.10872115,244178
1511222756.66,ETH,DASH,2.61734004,
1511981942.4,LTC,BTC,3.19561791,848062
1510054767.14,BLK,DASH,14.9999,
1508902615.13,XMR,BTC,25,
1508890269.87,LTC,EOS,2,
1512056428.66,ETH,BTC,1.42996053,842657
1512134715.24,ZEC,BTC,0.34099854,487430
1512156842.73,DGB,VTC,4172.27851142,441948
1509102747.4,ETH,OMG,4.67320382,
1510641402.38,ETC,ETH,5.79848517811,
1512250171.31,LTC,BTC,4.96249744,171442
1512055377.73,GNT,LTC,112.1062726,504539
1512051386.8,ETH,BTC,1.44504494,54837
1511965942.52,GNT,ETH,250,936106
1512178461.6,EOS,LTC,11.2804878,562539
1511273750.83,DASH,ETH,7.58422789,
1508408113.16,ETH,BTC,0.44229469,
1511976550.88,ETH,OMG,0.09205474,168517
1511333426.69,ETH,OMG,0.049,
1512245677.1,ETH,FUN,0.10867203,46476
1512216740.79,GNT,BTC,1536.55982908,371209
1512124836.13,ETH,XRP,5.5,696608
1512219336.91,ETH,SALT,0.1,107329
1512244178.42,EOS,SNT,233,875456
1512099475.15,XMR,BTC,0.27196,723833
1511206640.52,ETH,LTC,0.855572,
1511352493.49,BTC,WAVES,0.0076,
1511982502.13,BTC,DASH,0.08864917,883377
1510748900.39,ETH,RDD,0.00114,
1511766439.72,ETH,EOS,9.67234568,470132
1509193968.04,BTC,XMR,0.7,
1511755374.7,SALT,ETH,271.56034865,583846
1511856463.02,ETH,ETC,0.0219007,375370
1510313619.99,DASH,BCH,0.19490774,
1507238831.65,BAT,GNO,3257.6040943
1511811190.92,ETH,DOGE,0.1,637916
1509831601.19,LTC,VTC,3.54699515,
1511798048.87,ETH,OMG,9.5,748805
1511862940.17,EOS,GNO,10.2739726,527590
1511926236.39,ETH,ETC,0.99916,387453
1512112159.28,OMG,DASH,517,366163
1512107157.1,ETH,BTC,7.28529956,885441
1511767362.95,ETH,ZEC,0.192748789,812131
1511951517.66,ETH,EOS,0.00639,252000
1511488893.88,DASH,BCH,1.452,
1511746139.4,ETH,XMR,9.9013,606572
1507855855.53,ETH,OMG,0.54649343,
1508767299.25,ETH,SALT,7.34799567,
1509970833.9,BTC,XMR,0.03,
1511576795.8,ETH,LTC,0.34474682,843929
1512223471.29,DASH,BTC,1.82989047,388240
1511951949.89,ETH,LTC,0.37918111,675863
1509611627.33,ETH,BTC,0.83902376,
1508514218.01,ETH,LTC,15.28910217,
1512228761.88,ETH,BTC,0.06733483,343640
1510124857.26,ETH,BTC,0.6691,
1511780558.26,DGB,BTC,4729.72972973,482032
1512145905.6,ETH,BCH,0.148721,14740
1511965239.5,DGB,ETH,758.8090084,828900
1511669220.07,CVC,DASH,615.97317479,85670
1511750518.73,ETH,BTC,0.206347,456951
1508534108.5,DASH,BTC,0.22501657,
1512258226.48,ETH,OMG,4,318659
1511949851.17,ETH,EOS,0.08,10796
1511882759.32,BTC,XMR,0.0175277,384755
1512160467.51,LTC,ETC,2.81765737,73373
1507835157.74,BCH,BTC,0.31170646,
1509592712.16,BTC,OMG,0.69798231,
1511793510.13,BTC,DASH,0.07,301468
1507836678.5,LTC,DOGE,19.19000803,
1511583701.48,DASH,OMG,0.099887,984882
1511763923.63,ETH,OMG,0.55998368,207677
1512127283.14,DASH,VTC,0.055,157521
1508521212.69,ETH,OMG,1.5,
1512150920.89,LTC,DASH,1.98324712,887990
1512039660.75,BTC,OMG,0.005,241837
1512105332.46,ETH,BTC,0.5009,26889
1511858038.93,ETH,FUN,0.053860905,561803
1512136307.71,ANT,ETH,1.77297808,113354
1512097827.33,ETH,BTC,1,126827
1511757826.97,ETH,BTC,1.5,666189
1512057897.35,OMG,BTC,541.15895769,676421
1512010017.17,ETH,CVC,0.02017246,745849
1511760615.25,ETH,GNT,2.8285,227538
1512019669.72,XMR,ETH,25,622693
1510477932.86,ETH,SALT,0.05743668,
1512017014.99,LTC,DASH,1,577158
1512091156.79,OMG,ETH,620,393955
1511978307.34,LTC,ETH,0.52611134,874104
1510918773.38,EOS,DASH,12.16,
1511805542.28,DASH,DCR,0.08672344,880314
1508370771.77,EOS,ETH,3.79651275,
1511835652.68,ETC,BTC,170,619304
1512070038.52,FUN,BTC,4122.08241315,996781
1510185283.41,ETH,CVC,0.0322159759025,
1511851103.86,ETH,BCH,10.03527783,240081
1511858160.82,ETH,1ST,0.19601,735877
1511835034.58,ETH,OMG,0.12708285,182543
1510983504.69,SALT,BTC,180,
1508110600.24,BTC,LTC,0.05805192,
1507741580.58,ETH,BTC,15.801352736,
1511744302.85,ETH,REP,0.299072,13556
1508880175.64,ETH,BTC,16.6,
1512250910.32,BAT,ETH,253.35085729,854378
1511962620.58,XRP,DGB,29.992442,807211
1511198996.83,LTC,SALT,3.997853,
1510464326.92,ETH,BCH,0.83501006,
1509467139.81,BTC,DASH,0.5,
1511924356.78,EOS,ETH,110.71428571,531926
1512123451.12,XRP,ZEC,79.87999,593290
1511801300.16,BTC,ETC,0.01067202,756213
1507303782.72,BAT,GNT,12.19356934,
1512113306.77,LTC,ETH,0.5,269158
1511495521.38,OMG,CVC,10,
1511909679.43,ETH,DASH,0.19965227,274655
1512101595.43,ETH,SALT,0.16,213516
1512047534.28,EOS,BTC,8.8,80236
1511794428.71,BTC,DOGE,0.00010322,488553
1510949544.74,EOS,DASH,140,
1510308315.86,BTC,OMG,0.01427812,
1511742573.9,ETH,SC,0.30793599,95920
1509636919.85,ETH,BTC,12.35600596,
1511798712.56,ZEC,LTC,2.89787603,105621
1511918999.21,ETH,EOS,0.3,198305
1512177461.62,ETH,SALT,2.38,274404
1511758595.17,DASH,VTC,1.9848437,535182
1511457719.77,LTC,ETH,61.94804738,
1512144170.81,ETH,SALT,0.47182525,635137
1512161862.51,ETH,BTC,2.32831615,615865
1512056907.95,DOGE,DGB,696.42652261,650808
1512099599.16,ETH,BTC,0.99829954,947876
1511742863.75,BTC,ETH,0.00689687,716728
1512254660.66,ETH,BTC,0.6,603968
1512156259.64,ETH,XEM,0.012,965596
1512170840.77,BLK,BCH,29.9798,874160
1511873690.41,DOGE,LTC,2900,229028
1510632762.84,BCH,BAT,0.18729257,
1509830359.06,LTC,BTC,24.14212738,
1511792458.33,ETH,BTC,1,757033
1507228740.86,DASH,BTC,0.06607638,
1510237963.93,BTC,CVC,0.00438556,
1509675890.75,ETH,BTC,5.23329736,
1511748538.04,ETH,ZEC,0.2,405453
1511914120.36,ETH,LTC,0.007,221983
1509357079.86,BTC,ETH,0.02515178,
1511014185.21,VTC,BTC,20.80537946,
1510450190.4,ETH,BCH,16,
1511883215.39,EOS,ETC,3.44827586,273680
1512009768.94,LTC,DASH,0.11288728,434489
1511803781.35,BAT,LTC,507.84089268,696403
1511493416.66,BTC,ETH,0.10323744,
1509820307.13,ETH,BTC,0.0840552563802,
1511803339.68,LTC,CVC,1.3,256162
1511426615.25,LTC,DASH,1.02686424,
1512152728.95,BTC,SALT,0.00572822,320656
1510100203.27,LTC,BTC,0.93973501,
1512154404.97,DASH,BTC,0.1382,679315
1512218960.31,ETH,DOGE,0.290463616294,222652
1512076189.8,BTC,BCH,0.00236416,617835
1512169228.29,DOGE,LTC,1494.14694656,383120
1507973699.31,LTC,SALT,27.92122698,
1509926390.95,ETH,BTC,0.52,
1512055238.03,ETH,CVC,0.0604961959213,438618
1511792618.1,ETH,ETC,0.101888383434,714230
1512066111.16,ETH,LTC,1.07282245359,287818
1512097372.6,ETH,EOS,0.03318222,79104
1508570543.54,ETH,BTC,0.07654698,
1509994901.87,MONA,BTC,18.849,
1512071638.84,LTC,BTC,0.68108,49920
1510105336.71,ETC,BTC,74.30875074,
1510564822.62,LTC,OMG,5,
1511513867.41,ETH,BTC,5.88659362,
1507346954.58,BTC,EOS,0.00693764
1512213299.59,DASH,ETH,0.01,63528
1512143561.51,BTC,CVC,0.00856193,747393
1510496500.26,ETH,BTC,0.6405,
1507275461.74,BTC,ANT,0.01134389,
1511925769.9,DGB,BCH,71330,799709
1511023461.49,ETH,BTC,14,
1507315105.48,ZEC,BTC,0.06680449,
1512103483.87,ETH,DASH,0.45,740267
1511836493.35,ETH,GNO,0.02063904,661646
1512064774.88,ETH,DASH,3,851970
1511760022.87,LTC,BTC,13.99981862,342526
1512185638.56,LTC,ETH,0.09805285,72169
1511948075.82,ETH,BCH,0.09871128,737984
1512219601.53,ETH,ETC,0.12836311,482587
1512013958.84,SNT,OMG,266.61218467,160510
1511888779.77,ETH,ZEC,0.2,250727
1507295023.1,GNT,ZEC,79.10891892,
1508990418.39,ETH,LTC,0.999832,
1512074077.8,LTC,FUN,0.30789057,987116
1512130549.87,ETH,BTC,0.4689149,463973
1510110384.01,OMG,DCR,7.06436421,
1511929638.99,ETH,BTC,1.17,597119
1512071978.5,LTC,ETC,1.28834804,678044
1509929642.08,BLK,DGB,34,
1511843696.96,ETH,DGB,0.2,271653
1511810773.92,ETH,BTC,1.89458,242856
1507614880.61,BTC,ETH,1,
1512062875.6,GNT,ETH,185.90222415,485280
1512107178.05,GNT,LTC,14561.0468209,417497
1507448851.69,DASH,BTC,0.66185336,
1508667627.64,BTC,ETH,0.03040629,
1512232850.74,LTC,VTC,10,658471
1508207153.56,BTC,ETH,0.13107852,
1512217402.5,ETH,BTC,0.09,780470
1508698219.54,ETH,OMG,0.08950548,
1511651625.56,MONA,ETC,16.64,239495
1512123781.28,ETH,BTC,0.52143684,956165
1511842154.67,ETH,BTC,0.30212163,640465
1511445508.97,ETH,DNT,0.07579969,
1511213077.21,ETH,XMR,0.29963021,
1512173515.58,LTC,BTC,0.16174687,598214
1511726221.12,ANT,GNT,33.73760596,698554
1511127389.14,BTC,ETH,0.015,
1509496017.88,GNT,OMG,750,
1511817259.22,ETH,BTC,1,740733,
1512102390.53,ETH,DASH,0.86079996,733080
1512145693.4,ETH,BTC,1.21980752,665149
1510758014.66,ETH,SALT,0.01271241,
1511803068.39,BTC,ETC,0.01037837,452439
1507717152.77,LTC,GNT,0.19805902,
1508110331.08,ETH,BTC,0.575166537087,
1511785553.58,ETH,BCH,0.35289712,613986
1512099608.8,LTC,DASH,28.36252792,229494
1512014024.91,ZEC,LTC,0.14050001,873447
1512163079.49,LTC,ETH,0.2,95547
1512235910.22,LTC,ETH,0.05143,621007
1509840951.05,BTC,ETH,0.078645,
1508114972.46,BTC,SALT,0.02662448,
1511937939.78,ETH,LTC,0.30938543,416297
1511943763.27,ETH,BTC,5,878101,
1508818059.82,LTC,DGB,6.31942974,
1512177670.99,ETH,DOGE,0.05858,325528
1511867762.07,GNO,BTC,1.03142812,290250
1512107341.03,XMR,ETH,0.292855495406,841562
1511964619.61,GNT,DASH,69.83790452,228405
1511053328.02,DASH,DGB,0.00905434,
1511768696.44,BTC,EDG,0.01,209106
1511878183.54,LTC,BCH,0.13454687,933745
1512230220.96,ETH,BAT,0.02188697,369483
1510210813.85,LTC,VTC,0.08222083,
1511697356.49,GNT,BAT,118.48341232,579880
1511924021.81,LTC,CVC,1,383883
1512021222.71,ETH,BTC,1.3146478,75711
1511818730.88,BLK,MONA,153.663,607722
1512098558.04,ETH,LTC,0.02218112,830610
1511947673.27,ETH,DASH,0.07584568,596604
1512198630.57,ZEC,ETH,0.80804176,594888
1511777878.09,LTC,BTC,5.13825106,499766
1512035774.87,ETH,DASH,1.5,634170
1509304705.36,ETH,LTC,0.0262,
1509369922.1,ETH,XMR,10.097677,
1507404929.69,DOGE,LTC,15672,
1512127895.81,ETH,VTC,0.64438233,633256
1511851403.24,BTC,LTC,0.01904577,933809
1512240917.42,ETH,BCH,1,473965
1512185217.03,LTC,BTC,20.319,405272
1510564961.66,BTC,ETH,0.75,
1512061232.65,DASH,BTC,6.5,55383
1507775997.47,ETH,XRP,0.202,
1511967612.46,ETH,OMG,0.5,353510
1512255385.06,DOGE,ETH,554.9196074,631576
1512038696.01,XEM,XRP,4330,406905
1511987179.86,GAME,EOS,10,73584
1511894503.6,ETH,DNT,0.21448641,667618
1507701777.98,LTC,ETH,1.99438575,
1512177826.9,ETH,DASH,0.01219436,347029
1507902126.41,DASH,BTC,1.27531976,
1511932093.22,ETH,BTC,0.999559,608712
1512001778.12,DOGE,BCH,3977.81393095,969831
1511833359.42,LTC,VTC,2,638279
1510002894.05,ETH,ANT,0.33969547,
1512159615.28,ETC,ETH,15,891928
1512048460.15,BTC,DASH,0.04779669,248531
1511787058.35,ETH,BTC,1.26087504,258622
1510320988.49,LTC,BTC,19.11488264,
1511256821.59,EOS,ETH,50,
1507436494.02,LTC,OMG,1.05,
1511915612.35,ETH,LTC,0.0323,681909
1511976732.26,LTC,BTC,1.971337,643219
1512073199.26,XMR,ETH,0.62,743383
1512014781.97,ETH,SNT,0.05,143084
1510944473.33,ETH,LTC,4,
1512174840.47,ETH,EOS,0.09754852,795676
1510423885.67,ETH,BTC,15.887,
1512107157.05,ETH,EOS,0.034673,275055
1509283170.6,OMG,EOS,39.29768861,
1511805440.09,ETH,EOS,0.15797378,836412
1510474970.59,ETH,BCH,1.999,
1512060997.21,LTC,BTC,2.997627,59109
1511042897.11,ETH,LTC,8.32070629,
1511989897.49,XMR,ETH,26.1,612367
1512056150.57,BCH,BTC,7.22321413,496562
1511953617.56,LTC,DASH,0.6817562,595654
1512056832.43,ETH,SALT,0.00486702,244300
1511970737.86,ETH,BTC,0.132253784948,142766
1508709494.07,LTC,ETH,80.4584317,
1511276870.55,BTC,DASH,0.10822394,
1508932471.69,ETH,BTC,0.37763086,
1507544049.54,ETH,BTC,0.871414019733,
1511972796.01,GNT,LTC,358.3310402,286180
1510412188.17,ETH,BCH,0.99930085,
1512201378.55,ETH,BTC,4.06916,391265
1511812400,GNO,DCR,0.31857328,911537
1511921022.48,OMG,LTC,510.44053399,446117
1512107670.09,ETH,ANT,0.0117,242857
1512110375.13,OMG,ETH,61.99,636189
1512142836.83,BLK,VTC,167.65709519,153992
1511765803.07,ETH,GNT,2.68699798,501342
1510325646.07,SALT,BCH,26.10966057,
1509750956.01,BTC,ETH,0.080295,
1512058154.07,ETH,FUN,0.33401685,893967
1510303794.87,ETH,OMG,2.44483652,
1508055602.28,LTC,BTC,0.44555716,
1512098606.61,EOS,GNT,46.85039553,694650
1511831514.65,ETH,BAT,1,879788
1512127826.3,ETC,BCH,0.999601887262,678015
1512067122.74,DOGE,1ST,1517,283473
1511918062.34,BTC,ANT,0.00096603,818804
1512061372.5,ETH,DASH,2.00982174611,961331
1512127349.7,BTC,ETH,0.0042,899731
1508046416.77,LTC,BTC,22.16670779,
1511400803.82,EOS,BCH,479.46325918
1511310686.99,ETH,BTC,13.7,
1509547905.25,ETH,BTC,15,
1507333893.66,BTC,GNT,0.03445925,
1509554452.19,ETH,BTC,1.77722102,
1511730799.1,ETH,VTC,0.03448102,866041
1508238154.84,LTC,XEM,10,
1508349875.9,ETH,BTC,0.05820085,
1512038489.9,ETH,VTC,0.0006,659499
1511029320.58,ETH,EOS,14.20302878,
1511767452.03,DASH,DNT,0.10467258,99561
1512227682.48,ETH,ETC,1.28673002,884121
1509653841.09,BTC,DOGE,5.46e-05
1508160227.58,BTC,ETH,0.4209441,
1510354582.9,LTC,BCH,79.31494065,
1507829731.08,ETH,BTC,0.247231012658,
1508225107.68,1ST,ETH,1666.66666667,
1510859551.12,ZEC,BTC,1.785,
1511813418.91,ETH,BCH,0.100201344752,246861
1512251659.88,ETH,BAT,0.04427507,294645
1512103915.32,ANT,DASH,8.60563032,289082
1509052281.98,BTC,BCH,0.49902943,
1512147260.45,ETH,BTC,0.2,32863
1512015453.55,LTC,BCH,16.15409075,910714
1511740894.79,GAME,DGB,1.08886249,245089
1509441517.32,ETH,BTC,3.116,
1509628750.13,ETH,BTC,0.09048529,
1510395324.41,BTC,ETH,0.0013495,
1511793322.01,ETH,LTC,0.01,52905
1508407282.05,BTC,ETH,0.02281325,
1511818218.06,BTC,BCH,0.01035894,607275
1510159932.66,OMG,SALT,69.56521739,
1512145141.28,ETH,DASH,0.17764376,607644
1512032390.91,BTC,ETH,0.00097181,719968
1508364722.54,BTC,EOS,0.04026819,
1511806878.44,ETH,BTC,2.3842239,69919
1512017928.44,DASH,BTC,0.48864902,358312
1509518087.6,ETH,BTC,0.359887584206,
1511924452.1,BAT,ETH,400,205332
1511718998.8,EOS,BTC,192,348891
1511815461.2,LTC,CVC,0.44979197,428805
1509043456.74,LTC,ANT,1.33259512,
1512249322.9,ETH,EOS,0.81054575,791417
1510739428.76,BTC,XRP,0.0047,
1511799474.2,ETH,ANT,0.0048687219,415927
1512190960.8,LTC,ETC,0.49800797,690450
1511963635.57,BTC,DASH,0.036,552737
1510190894.81,ETH,OMG,0.128,
1511739136.04,EOS,ETH,1449.62168736,308409
1511857277.34,CVC,BTC,742.84315735,266549
1511801441.09,OMG,BTC,200,244816
1512098618.76,LTC,ETH,0.86614148,411193
1512136465.19,ETH,OMG,0.11,823026
1509576976.46,ETH,EOS,0.5,
1510965100.79,ETH,BCH,1.14958,
1507233583.89,LTC,VTC,0.42826575,
1512081384.77,LTC,BTC,4.9323988,83760
1512063273.79,ETH,LTC,0.0614311,471936
1511656900.62,ETH,BTC,3.877,105719
1512041417.2,ETH,BCH,0.653100294334,891320
1512143668.44,ETH,BTC,1.30814714,798729
1512098558.05,ETH,DASH,0.594091665238,514458
1511890937.52,ZEC,LTC,0.3018298,152496
1511946213.48,ETH,LTC,0.15589208,102919
1511844001.72,ETH,GNT,0.0089,722179
1511993096.61,DASH,OMG,4.827,549346
1512221178.68,ETH,EOS,0.32276111,323030
1511924442.16,DGB,ETH,220,111610
1509975153.75,ETH,LTC,1.00027622646,
1512156696.68,DASH,BTC,1.36786787,183575
1510177333.73,ANT,BCH,19.99568204,
1511770339.47,LTC,DOGE,1.75646051,370578
1509501842.84,LTC,BTC,53.08370036,
1511861540.84,ZEC,LTC,1.928,243577
1507838027.95,VTC,MONA,20.99629858,
1511999087.31,LTC,OMG,25,536602
1510322926.61,LTC,FUN,1.66595472,
1511883313.82,DASH,ETC,0.02174736,965409
1507648929.97,ANT,DCR,17.15823625,
1511865617.33,LTC,ETH,5.19050143,168356
1509050738.24,ZEC,XMR,21,
1511088982.9,DOGE,1ST,54.00412042,
1507841010.13,BCH,ETH,0.04952933,
1509808436.48,BTC,ETH,0.4,
1511817460.89,DOGE,LTC,359.33777,93608
1512173695.27,ETH,BTC,0.60765269,771769
1512165261.39,ETH,BAT,0.20987589,974627
1511013866.83,DGB,LBC,46.1972251,
1511898341.62,ETH,OMG,5,486233
1511459222.79,DOGE,BLK,10,
1511262578.49,ZEC,BTC,0.1406,
1508555649.5,BTC,SALT,0.00964219,
1512089185.56,ETH,DASH,0.02195458,556952
1509564447.47,REP,BTC,1.03428768,
1512049497.79,DASH,BTC,0.13124208,821965
1512159446.88,LTC,SALT,0.22965333,518603
1511883985.27,RDD,LTC,499.999,895804
1511822833.36,LTC,VTC,7.801535,672819
1511421041.61,FUN,BTC,212487.083022,
1512026299.07,ZEC,ETH,0.00313485,907538
1511974457.06,ETH,LTC,0.01558,337416
1511747621.01,DASH,ETH,8,919379
1508397768.6,BTC,OMG,0.0062,
1512099097.22,OMG,GNT,10.64351412,308181
1507648738.38,GNT,ETH,87.4897187,
1508731786.84,LTC,BTC,60,
1511928266.03,ETH,XMR,8,639141,
1512163492.25,CVC,BTC,1883.9839058,421668
1511746305.21,LTC,BCH,10.06888505,97973
1512079220.69,REP,GNT,0.01958195,463499
1509156791.15,BTC,ETH,0.21471106,
1511882401.43,CVC,EOS,149.38990617,134712
1509985039.68,ETH,BTC,7.99658812,
1512086097.25,ETH,BTC,2.58877907,194069
1511930122.03,BTC,BCH,0.03865033,153131
1511906037.06,ETH,SALT,1.00266649,290080
1512134050.46,ETH,ETC,1.45486002,59347
1509965154.11,GNT,BTC,882.33708424,
1512077001.03,ETH,ETC,0.1,795997
1512149035.44,ETH,BTC,0.091383,516402
1512022490.3,DGB,LTC,2959.25325923,214531
1509519410.81,ETH,FUN,0.05944247,
1510787260.6,ETH,BTC,14.4417665,
1510717349.39,ETH,EOS,13.5787667042,
1511831056.38,SALT,DASH,39.6364839,719454
1510715625.08,BTC,SALT,0.03895995,
1510140056.24,LTC,ETH,76.10544976
1508007756.33,BTC,ETH,0.104625
1512208813.9,ETH,BTC,1.5,662259
1510532399.61,LTC,SALT,39.9,
1507494768.39,SALT,OMG,3,
1510622684.64,LTC,BCH,1.49323887,
1512185926.81,ETH,XMR,10,312995
1511916281.5,ETH,SALT,0.04589315,851452
1507695479.12,ETH,BTC,0.332701201051,
1512012381.45,LTC,BTC,28.2187239,327681
1512017296.54,OMG,DASH,37.74571686,548604
1511959836.9,EOS,ETH,42,491709
1511992102.54,EOS,ETH,33.61840106,807374
1511850038.1,ETH,BTC,10.3,510515
1512108330.52,ETH,BTC,0.391739,314536
1512063560.45,ETH,BTC,1.43864192,981866
1511957879.6,RDD,DNT,200,866698
1512103698.56,ETH,XRP,0.23094,631699
1511859337.76,DASH,DOGE,0.00102106,977945
1511943830.67,ETH,BTC,0.23465485,162997
1507485095.65,EOS,BTC,306.09816579,
1509204711.71,ETH,OMG,4.99198237,
1511816901.64,DASH,BTC,0.06724526,47790
1512175356.9,EOS,OMG,92.30769231,648176
1507887906.12,BCH,ETH,0.0113943,
1512028640.16,ETH,BTC,0.04959,214764
1507922424.82,LTC,XRP,1.4053,
1511810112.76,ETH,DASH,0.02037998,744226
1512027466.32,BTC,FUN,0.00181658,368304
1511157979.28,ETH,OMG,3.21654317,
1511394950.39,SALT,DASH,24.76086957,
1512204230.44,ETH,BCH,10,142471
1512195718.07,ETH,BTC,1,313731
1511217858.34,BCH,LTC,0.04400717,
1511973497.59,ETH,BTC,0.13668483,336197
1512026896.16,ETH,BTC,0.10486283,801510
1508818669.66,DNT,GAME,500,
1511996834.02,DASH,FUN,0.00037912,398187
1509122613.73,ETH,BTC,0.08097566,
1511933476.89,LTC,BTC,0.467219,15192
1512138675.2,DOGE,DGB,2000,785996
1512077518.59,ETH,BTC,2.74687899,342289
1511878041.91,ETH,FUN,0.05391525,59305
1512116531.88,ETH,XRP,0.05,891290
1511756744.7,LTC,ETH,2,895545,
1512171587.29,ETH,LTC,0.32306651,350273
1510742871.12,LTC,ETH,0.22,
1512197820.89,ETH,EOS,0.38,213613,
1510306572.24,ETH,VTC,0.3892975,
1512003147.42,LTC,GNT,0.22980581,777056
1512025846.63,ETH,BTC,1.35332647,480111
1508797335.31,ETH,DGB,0.08,
1512044718.8,ETH,BTC,0.81819669,616169
1512167801.51,LTC,DASH,3.81135353,108217
1511760780.88,OMG,EOS,28.16344268,358881
1509530348.59,ETH,BTC,0.375115025047,
1511609901.46,CVC,EOS,299.85549133,734650
1511833065.01,LTC,BCH,52.83437019,699434
1510024795.51,LTC,TRST,0.04572873,
1512087196.65,SNT,BTC,3866,750625
1512012843.55,ETH,BTC,0.10362724,22267
1512090657.46,SALT,LTC,280.5560651,3956
1512050710.53,DNT,LTC,580.08970193,349470
1511106702.32,CVC,RCN,1106.17,
1511522749.44,LTC,ETH,0.12,
1510512180.67,ETH,BCH,15.07864144,
1509473424.68,VTC,ETH,49.77102186,
1507828474.73,ETH,LTC,3.20618961,
1510490985.79,LTC,ETH,4.86967773,
1512251208.16,ETH,BTC,0.21749059,717967
1510153045.55,CVC,EOS,128.43985646,
1512176338.02,LTC,BCH,0.12,686284
1511469719.22,BTC,EOS,0.00242829,
1511820635.02,ETH,ZRX,0.00107999999998,378797
1512148899.9,ETH,BTC,0.98929391,846449
1512171454.15,ETH,EOS,4.34268,489699
1511828775.49,LTC,ETH,2.1936745,890929
1507350935.43,DASH,LTC,2.9849759,
1507502577.2,ETH,BTC,1.91424196,
1511636916.81,GAME,RDD,22.57644973,584470
1511962260.27,DOGE,LTC,239.771385,611433
1512221622.48,ETH,VTC,0.03522628,60764
1512141529.67,ETH,XRP,0.55226475,43429
1511586949.99,BTC,ETH,0.016623,301447
1510677409.28,BTC,LTC,0.00305622,
1511046807.81,LTC,SALT,2,
1512093322.87,SNGLS,ETH,18949,528651
1509316532.59,DASH,BTC,1.80181987,
1509571158.94,LTC,DOGE,0.36523221,
1508799655.77,ETH,BTC,1.073912,
1511849006.53,ETH,OMG,0.10535854,112440
1512187849.66,ETH,GNO,0.238871,637822
1511923183.49,LTC,EOS,2.5,745464
1508219058.24,DASH,ETH,10,
1511883763.63,LTC,DASH,0.12985327,847229
1508072532.25,LTC,XRP,0.9,
1510601667.45,LTC,XRP,3,
1512044976.8,DOGE,BLK,9,549124,
1508932537.51,BTC,LTC,0.04987683,
1511542678.19,ETH,LTC,10.48222639,237294
1507993828.11,ANT,OMG,180.407149,
1512226824.27,ETC,MONA,8.99567147,174675
1511446871.28,ETH,CVC,0.00537674,
1511892762.23,ETH,BCH,0.04989175,61563
1511875541.2,ETH,BTC,1.28882587,70920
1510220881.7,ETH,BTC,5,
1511789320.94,LTC,ZEC,0.20371072,78017
1511651976.6,ETH,REP,0.00252325,327917
1511875591.9,BTC,DASH,0.0683642,537283
1512052897.63,ETH,DCR,0.16075403,276499
1509099103.69,ETH,BTC,0.2,
1511892794.34,DASH,BTC,5.27862278,520728
1507244989.43,BTC,EOS,0.06277211,
1511565042.2,ETH,RDD,0.02703683,436154
1511077082.73,ANT,ETH,27.6318445094,
1512178213.63,ETH,EOS,0.3,782715
1509633812.21,XRP,BTC,769.719626,
1510412592.03,OMG,BCH,55.28276148,
1512075442.84,ETH,DASH,0.60711706,30550
1511958533.6,ETH,OMG,2.40241808,269946
1511973497.98,BLK,ETH,60.59672236,427854
1511820814.21,ZEC,ETC,1.17632149,40518
1512079852.42,LTC,XRP,1.99761696,717557
1509523758.44,LTC,SALT,0.3,
1511869264.97,OMG,VTC,540,569940
1510917026.79,ETH,LTC,0.129761296313,
1507213837.07,MONA,BTC,100,
1507884542.22,ETH,BTC,0.131393019,
1511486507.18,GNT,BTC,438.59649123,
1510642642.55,DOGE,DASH,20000,
1511928908.42,ETH,BTC,1.08512152651,309513
1510233342.75,XRP,VTC,2178.504171,
1511869057.44,ETH,BTC,1.26710593,963806
1509458092.93,ETH,EOS,2.83170276,
1511750220.52,ETH,BCH,0.0862488266095,865857
1511773787.67,BTC,DASH,0.49128563,826006
1508874508.8,LTC,ETH,2.54896177,
1511775337.88,OMG,LTC,209,760596
1512108259.63,LTC,DASH,55,805488
1507429314.51,CVC,EOS,108.05925386,
1511903006.43,RDD,MONA,45000,603261
1511838026.02,XRP,BCH,1020,412806
1511635659.37,EOS,LTC,43.83383172,532924
1511905364.63,BTC,BCH,0.00501708,840505
1508233577.63,OMG,ETH,5,
1512023346.22,ETH,BTC,0.63212578,415704
1511962235.85,ETH,LTC,0.26111706,281056
1511948284.65,DOGE,ETH,5552.67973966,947974
1511943643.63,ETH,BTC,6.078278,231510
1511928432.87,ETH,LTC,0.06063576,703055
1511960497.18,ETH,GNT,0.1,484290
1511880479.54,ETH,LTC,0.379818155524,89321
1512070917.31,ETH,OMG,1.13,293152
1511958889.88,CVC,DASH,3054.3317159,22914
1511894677.3,ETH,GNT,0.026962,827724
1511998570.11,ETH,XRP,0.0252177900046,358421
1511894710.13,DNT,FUN,243.01725415,528093
1508867920.65,BTC,ETH,0.05062207,
1508279173.46,LTC,BTC,8.22621888,
1511829696.09,ETH,BTC,0.2,585896
1512167940.56,CLAM,DOGE,0.0088,927341
1509233589.88,ETH,DASH,1.5,
1509869440.71,XMR,BTC,57,
1512020124.88,ETH,FUN,1.36585412,335037
1507581987.8,ETH,BTC,0.60788885,
1511159504.4,BTC,ETH,0.0118997,
1511834942.53,SALT,EOS,2.30946882,770890
1510488168.54,ETH,BCH,0.58972211,
1512017739.9,LTC,ETH,4,20157
1510129479.85,CVC,LTC,22.56714626,
1511632937.61,BLK,POT,1.9999,854643
1512198840.92,DASH,LTC,2.00031572,546412
1509594866.2,BTC,ETH,0.05634527,
1507274652.59,LTC,ETH,0.2,
1510108942.54,ETH,BTC,1.01600729678,
1512130362.49,ETH,BTC,0.80781736,459600
1509971031.31,BTC,ETH,0.05,
1512022851.02,DASH,BTC,2.8764963,644890
1508350317.92,ETH,BTC,0.0715641,
1512218868.68,ETH,BTC,1.92704342,44985
1511774019.95,ETH,BTC,10.2,545448
1511989015.78,XRP,DASH,2893.02584,30392
1510924671.69,ETH,BTC,0.251,
1508552021.12,LTC,BTC,2.02148783,
1509196108.44,BCH,BTC,1,
1511809698.4,DASH,OMG,0.01751313,733375
1510094252.18,ETH,SALT,1.12321074,
1511479767.74,ETH,BTC,0.3,
1511932895.6,ETH,EOS,0.02413443,141549
1512210225.96,ETH,DASH,0.118813158,336464
1510608734.23,DASH,BCH,0.08038011
1511988993.2,ETH,DASH,1.773,952426
1511863627.93,EOS,ANT,10,868622,
1508876540.7,ETH,BTC,8.79254059,
1511734294.93,DNT,DCR,209.01543,179676
1512214838.06,ETH,DASH,0.02098374,207790
1511818417.06,ETH,CLAM,0.5,366186
1511867819.45,BAT,ETH,400,557267
1508010686.84,ETH,EOS,0.22899475,
1511921837.0,EOS,BTC,171.48109281,361015
1508093252.19,ETH,BTC,1,
1508952979.55,BTC,VTC,0.81622563,
1508027148.89,ETH,BTC,29,
1511952661.36,ANT,BTC,250,917198
1511791156.2,BTC,DASH,0.11,465940
1512139778.8,ETH,LTC,7.98,829543
1511747079.39,ETH,BTC,2.8994,422682
1511554795.69,XRP,BLK,119.394806,769900
1512252086.13,LTC,VTC,4.04429134,372547
1509567376.79,ETH,BTC,0.7,
1511878418.87,XEM,BTC,200,284710
1512131461.19,LTC,BTC,6.03621189,399327
1512017539.25,ETH,ZEC,0.43,902193
1511735237.14,ETH,BTC,0.31970028,845489
1512008436.93,BTC,ETH,0.00314101,374510
1511783888.18,ETH,EOS,1,494050
1508425756.11,VTC,LTC,2.79948713,
1509601771.97,ETH,BTC,0.05,
1512072721.42,ETH,LTC,0.17,746596
1511966806.05,ETH,BTC,0.08378983,312183
1512240876.68,ETH,BTC,0.20027254,474277
1511516062.12,ETH,BCH,6.02178015,
1512250246.44,ETH,GNT,0.037,292134
1510487581.02,ETH,BCH,15.6732836,
1507644355.7,GNT,BTC,229.84019652,
1511892882.95,ETH,EOS,0.075,395813
1512026893.07,ETH,ZRX,3.82,409327
1511983601.05,DCR,LTC,0.30712157,309759
1507497917.98,XRP,ETH,3500,
1508248146.72,DCR,ETC,0.29495366,
1512196530.94,GNT,DASH,390.11982565,928210
1508936054.45,OMG,BTC,272.37490555,
1511751112.51,LTC,VTC,0.296,31806
1511737113.02,ETH,LTC,0.05083032,720976
1509584174.67,ZEC,SALT,0.0987,
1507213494.52,LTC,VTC,18.46095071,
1509718539.99,GNO,FUN,6,
1508723335.99,BTC,ANT,0.03,
1511636681.73,ETH,BTC,0.51,516883
1509890878.21,ETH,DCR,0.04,
1507181257.53,BTC,SALT,0.10190496,
1511755919.15,DASH,BTC,0.323779,365422
1509570099.68,LTC,DGB,16.10150414,
1511885100.65,CVC,BTC,721.1182604,934878
1511965408.38,ETH,BTC,0.49245274,288380
1509844654.92,BTC,LTC,0.01,
1512130741.85,DOGE,DGB,275056.586438,708121
1511745024.8,ETH,BTC,2,116291,
1509409221.74,BTC,LTC,0.05525551,
1507837718.9,OMG,ETH,29.440976905,
1508494186.98,ETH,BTC,2.85,
1511841081.47,LTC,XMR,3.13756,276798
1511753812.46,BAT,BTC,1654.93787526,715425
1510320653.64,ETH,BCH,6,
1512244721.43,EOS,DASH,100,492911
1509506136.72,LTC,BAT,0.09284313,
1508806057.24,ETH,BTC,15,
1511801759.94,ZEC,BTC,0.08742228,467934
1507414950.5,LTC,SALT,3.3,
1511610392.7,LTC,ETH,1.18392836,861251
1512117983.32,DASH,SALT,0.14829052,563544
1510727174.26,LTC,ETH,0.4496765,
1507407197.3,LTC,ETH,2.69251659,
1510113300.35,LTC,SALT,0.83429,
1512192237.36,1ST,BTC,929,878468
1511986320.17,DGB,LTC,43693.3156655,139570
1512052782.19,ETH,BTC,12.5,556792
1511951982.05,BTC,ANT,0.00189475,101395
1512146423.0,ETH,LTC,0.0861796552002,654265
1509098096.96,BCH,BTC,13.55583393,
1511895100.03,DCR,BTC,85,613001
1511864658.24,LTC,ETC,2,193928
1512071891.76,EOS,LTC,35.49036757,272884
1510102944.84,ETH,BTC,10,
1508559251.39,BCH,BTC,1.09051254,
1511880221.42,ETH,LTC,0.251,170257
1508183290.97,BTC,ETH,0.00485685,
1511747976.37,LTC,BTC,1,335201
1508207948.06,BTC,SALT,0.004508,
1512167728.91,LTC,BTC,5,174576
1507227311.7,POT,BTC,699.999,
1511025446.33,ETH,BTC,0.199,
1511867877.01,RDD,ETH,2000,489509
1508379609.33,ETH,BTC,0.11853359,
1509230936.26,ETH,SALT,0.04910479,
1511373867.44,CVC,GNT,180,
1511808660.73,ETH,XRP,0.99958,520667
1511875902.54,LTC,ETC,1,16766,
1511722244.78,ETH,BTC,1.3275981,604978
1508708512.83,BTC,ETH,0.01105442,
1511824917.66,LTC,BTC,0.50048769,38211
1511843419.57,BTC,ETH,0.02874261,994974
1510208213.89,DASH,LTC,2.71635586,
1512172651.77,ETH,DNT,0.0214301,755039
1512030573.05,BTC,BCH,0.17900331,193661
1511304661.06,ETH,BTC,0.70491342,
1511742171.97,BTC,LTC,0.00101747,656777
1512164186.69,DOGE,POT,14712.5857,630072
1511757579.9,ETH,DCR,0.88,472236
1512155681.23,DOGE,DASH,5000,282040
1511960980.73,ETH,ETC,9.7,174030
1511886378.46,ETH,BTC,0.07,859707
1509360813.38,ETH,XMR,15,
1512052959.36,GNT,ETH,681.94,451530
1507967706.23,BTC,ETH,0.00304031
1511067297.26,FUN,BCH,2452.48313918
1511956632.89,ETH,DOGE,0.2,160648
1512158599.12,BTC,ETH,0.009,390642
1511995576.21,ETH,DASH,0.02902547,178558
1511827112.21,BTC,SALT,0.01029339,331766
1512224672.47,DCR,ETH,0.99509203,120649
1509089263.4,BCH,ETH,2.50854243,
1512254981.1,ETH,SNT,0.00217,263019
1512078525.78,DOGE,ETH,1754,706864
1511863381.25,ETH,LTC,0.1251,385080
1510984547.54,ETH,FUN,0.01,
1511763339.99,ETH,BTC,0.465340718898,129352
1509621053.42,DASH,PAY,0.00129259,
1512069245.88,FUN,DASH,34225.3135667,473617
1508887971.08,LTC,ETH,0.17853955,
1511843456.79,ETH,ETC,18.98401273,168683
1511904322.22,GNT,ETH,3000,568351
1507362489.16,BTC,ETH,0.1,
1511734762.2,DASH,BCH,1,870984
1511841043.19,CVC,BTC,2500,525673
1512190151.98,ETH,BTC,0.41683347,386346
1508898516.04,BTC,XMR,0.5,
1511790975.86,DASH,ETC,2.06523735,715883
1512207571.32,LTC,SALT,6.52748487,652123
1511783753.42,ETH,RDD,0.053,548702
1510976983.08,ETH,XEM,0.06149004,
1509563780.41,BLK,DASH,19.9999,
1512068241.62,ETH,LTC,0.02294519,768306
1510568658.47,DOGE,LTC,52011.5436,
1511055375.55,SNT,DNT,10,
1512130585.55,LTC,GNT,0.15524451,81786
1508011028.23,BTC,GNT,0.00175266,
1512007903.79,ETH,BTC,11,230823
1510876068.61,LTC,ETH,12.62914755,
1511873852.19,BTC,LTC,0.02579483,415927
1511927739.91,LTC,DASH,0.67915209,69310
1510158503.57,SALT,BCH,4.34782609,
1511809561.42,ETH,DASH,0.04672599,915803
1511905394.9,ETH,BTC,9.33098979,164571
1511195502.95,ETH,EOS,1,
1512129479.99,EOS,OMG,139.3728223,731145
1510668474.21,BTC,ETH,0.0105264
1512212314.54,LTC,BCH,6,917906
1509051492.39,LTC,ETH,27,
1510593375.73,ETH,BTC,0.8,
1511793620.77,MONA,GNT,0.06,524511
1507826854.56,ETH,BTC,1,
1509435115.23,ETH,EOS,0.29608219,
1511745087.27,BAT,OMG,53.75416622,88292
1511401765.46,VTC,DASH,28,
1511841064.28,DOGE,XRP,17310,615586
1512135750.51,ETH,DASH,0.20780336,361437
1511820236.96,GNO,BTC,14,707356,
1510670512.77,DCR,EOS,69.78278755,
1511815436.38,OMG,BTC,31.11692482,552765
1510448864.09,ETH,PAY,0.197,
1512018384.53,ETH,DCR,0.06732405,535866
1511473317.74,ETH,BTC,1.43806264,
1511776457.33,ETH,BTC,1.28799587,780883
1512163100.25,BAT,EOS,183.59912216,470644
1512107792.7,LTC,XRP,1,468792
1511403370.86,CVC,BCH,15955.7570063,
1511947622.19,ETH,BTC,1.26547037,252878
1511960762.18,LTC,OMG,5,855388,
1510842230.74,ETH,BTC,1.79179358,
1509161275.7,ETC,POT,0.288911573798,
1511958501.22,LTC,DASH,90.82254463,524911
1511920496.63,DOGE,ETH,5868.88190391,77886
1512035723.38,BTC,ETH,0.02559716,25548
1512101988.88,ETH,DASH,0.12385031,756907
1512194512.96,GNT,ETH,751.43544041,513171
1508441422.36,DOGE,ZEC,991.5,
1510208176.41,DASH,BTC,0.0357733
1512176592.44,ETH,BCH,0.10077809,2367
1511818920.08,LTC,VTC,5,882084
1511908159.19,BTC,BCH,0.1,544439
1511948359.58,ETH,BTC,1.26620745,988574
1511872899.0,DASH,BTC,0.25819562,139293
1507772243.7,BTC,ETH,0.00172142,
1511775357.88,XEM,LTC,166.106334,375754
